,NombresPokemon,TipoDominante,bug,dark,dragon,electric,fairy,fighting,fire,flying,ghost,grass,ground,ice,poison,psychic,rock,steel,water
0,Abomasnow,rock,0,0,0,0,0,0,0,0,0,2,0,3,2,0,4,0,1
1,Abra,ground,0,0,0,0,0,0,1,1,0,1,2,2,2,0,0,0,0
2,Absol,ice,0,1,0,0,0,0,1,0,1,0,0,3,2,0,3,0,1
3,Accelgor,poison,2,0,0,0,0,0,0,0,1,0,0,0,4,0,0,0,1
4,Aegislash,poison,0,0,0,0,0,0,0,0,0,0,1,0,2,0,2,0,0
5,Aerodactyl,rock,0,0,3,0,0,1,2,2,2,0,1,2,2,0,4,1,0
6,Aggron,rock,0,1,4,0,0,0,2,0,1,0,2,2,2,0,5,0,1
7,Aipom,poison,0,0,0,0,0,0,1,0,0,1,0,2,3,0,1,0,1
8,Alakazam,ground,0,1,0,0,0,0,1,1,0,1,2,2,2,1,0,0,0
9,Alomomola,water,0,0,0,0,0,0,0,0,0,0,0,1,2,0,0,0,3
10,Altaria,dragon,0,0,5,0,1,0,1,2,0,0,0,4,2,0,1,1,0
11,Amaura,rock,0,1,1,0,0,0,0,0,0,0,1,3,2,0,5,0,1
12,Ambipom,poison,0,0,0,0,0,0,1,0,0,1,0,2,3,0,1,0,1
13,Amoonguss,poison,0,0,0,0,0,0,0,0,0,1,0,0,5,0,0,0,0
14,Ampharos,electric,0,0,1,4,0,1,1,0,0,0,2,1,2,0,2,0,0
15,Anorith,rock,1,0,0,0,0,0,0,0,1,0,1,0,3,0,5,0,2
16,Arbok,poison,0,1,1,0,0,0,1,0,0,0,0,2,14,0,2,0,0
17,Arcanine,fire,0,0,1,0,0,1,3,0,0,0,0,1,2,0,2,0,0
18,Arceus,poison,0,1,2,0,0,0,1,1,0,1,2,3,5,0,4,0,1
19,Arceus-Bug,poison,0,1,2,0,0,0,1,1,0,1,2,3,5,0,4,0,1
20,Arceus-Dark,poison,0,1,2,0,0,0,1,1,0,1,2,3,5,0,4,0,1
21,Arceus-Dragon,poison,0,1,2,0,0,0,1,1,0,1,2,3,5,0,4,0,1
22,Arceus-Electric,poison,0,1,2,0,0,0,1,1,0,1,2,3,5,0,4,0,1
23,Arceus-Fairy,poison,0,1,2,0,0,0,1,1,0,1,2,3,5,0,4,0,1
24,Arceus-Fighting,poison,0,1,2,0,0,0,1,1,0,1,2,3,5,0,4,0,1
25,Arceus-Fire,poison,0,1,2,0,0,0,1,1,0,1,2,3,5,0,4,0,1
26,Arceus-Flying,poison,0,1,2,0,0,0,1,1,0,1,2,3,5,0,4,0,1
27,Arceus-Ghost,poison,0,1,2,0,0,0,1,1,0,1,2,3,5,0,4,0,1
28,Arceus-Grass,poison,0,1,2,0,0,0,1,1,0,1,2,3,5,0,4,0,1
29,Arceus-Ground,poison,0,1,2,0,0,0,1,1,0,1,2,3,5,0,4,0,1
30,Arceus-Ice,poison,0,1,2,0,0,0,1,1,0,1,2,3,5,0,4,0,1
31,Arceus-Poison,poison,0,1,2,0,0,0,1,1,0,1,2,3,5,0,4,0,1
32,Arceus-Psychic,poison,0,1,2,0,0,0,1,1,0,1,2,3,5,0,4,0,1
33,Arceus-Rock,poison,0,1,2,0,0,0,1,1,0,1,2,3,5,0,4,0,1
34,Arceus-Steel,poison,0,1,2,0,0,0,1,1,0,1,2,3,5,0,4,0,1
35,Arceus-Water,poison,0,1,2,0,0,0,1,1,0,1,2,3,5,0,4,0,1
36,Archen,rock,0,0,3,0,0,0,0,2,0,0,1,1,2,0,5,1,0
37,Archeops,rock,0,0,4,0,0,0,0,2,0,0,1,1,2,0,5,1,0
38,Ariados,poison,1,0,0,0,0,0,0,0,0,0,0,1,11,0,0,0,0
39,Armaldo,rock,1,0,0,0,0,0,0,0,1,0,1,0,3,0,5,0,2
40,Aromatisse,ice,0,0,1,0,2,1,0,0,0,0,1,3,2,0,0,0,0
41,Aron,rock,0,0,1,0,0,0,0,0,1,0,1,0,2,0,4,0,1
42,Articuno,flying,0,0,0,0,0,0,0,2,0,0,0,2,2,0,1,1,2
43,Audino,ice,0,0,1,0,1,0,2,1,0,1,3,6,2,0,0,0,0
44,Aurorus,rock,0,1,1,0,0,0,0,0,0,0,1,3,2,0,5,0,2
45,Avalugg,rock,0,0,0,0,0,0,0,0,1,0,0,3,2,0,4,0,1
46,Axew,dragon,0,0,4,0,0,0,0,0,0,0,0,1,4,0,2,0,0
47,Azelf,fire,0,0,0,0,0,0,2,0,0,1,1,2,2,0,0,0,1
48,Azumarill,water,0,0,0,0,0,0,0,0,0,1,0,3,2,0,1,0,4
49,Azurill,water,0,0,0,0,0,0,0,0,0,0,0,2,2,0,0,0,4
50,Bagon,dragon,0,0,6,0,0,0,2,0,0,0,0,1,2,0,3,0,0
51,Baltoy,ground,0,0,0,0,0,0,0,1,0,1,3,1,2,0,3,0,0
52,Banette,poison,0,1,0,0,0,1,0,0,2,0,1,1,3,0,0,0,0
53,Barbaracle,poison,0,0,1,0,0,0,0,0,0,1,1,2,6,0,4,0,3
54,Barboach,water,0,0,1,0,0,0,0,0,0,0,0,1,2,0,1,0,3
55,Basculin,poison,0,0,0,0,0,0,0,0,0,0,0,1,2,0,0,0,2
56,Bastiodon,rock,0,0,0,0,0,0,1,0,1,0,2,2,2,0,5,0,0
57,Bayleef,grass,0,0,0,0,0,0,0,0,0,5,1,1,3,0,1,0,1
58,Beartic,ice,0,0,0,0,0,0,0,0,0,1,0,4,2,0,3,0,1
59,Beautifly,poison,2,0,0,0,0,0,0,2,0,0,0,0,5,0,0,0,0
60,Beedrill,poison,1,0,0,0,0,0,0,2,0,0,0,1,9,0,1,0,0
61,Beheeyem,dark,0,2,0,0,0,0,0,1,0,0,2,1,2,1,2,1,0
62,Beldum,bug,0,0,0,0,0,0,0,0,0,0,0,0,0,0,0,0,0
63,Bellossom,poison,0,0,0,0,0,0,0,0,0,2,1,0,5,0,0,0,0
64,Bellsprout,poison,0,0,0,0,0,0,0,0,0,1,0,0,5,0,0,0,0
65,Bergmite,rock,0,0,0,0,0,0,0,0,1,0,0,3,2,0,4,0,1
66,Bibarel,water,0,0,0,0,0,1,0,0,1,2,0,2,2,0,2,0,3
67,Bidoof,ice,0,0,0,0,0,1,0,0,1,1,0,2,2,0,2,0,1
68,Binacle,poison,0,0,0,0,0,0,0,0,0,1,1,2,6,0,4,0,3
69,Bisharp,poison,0,1,0,0,0,0,0,0,0,1,1,2,4,0,3,0,0
70,Blastoise,rock,0,1,2,0,0,1,1,0,1,1,1,2,2,0,4,0,4
71,Blaziken,fire,0,0,0,0,0,0,4,1,1,1,0,3,4,0,4,0,1
72,Blissey,ice,0,0,0,0,0,0,2,1,0,1,1,4,2,0,4,0,1
73,Blitzle,poison,0,0,0,1,0,0,0,0,0,0,1,1,2,0,0,0,0
74,Boldore,rock,0,0,0,0,0,0,0,1,1,0,2,0,2,0,5,0,0
75,Bonsly,rock,0,0,0,0,0,0,0,0,1,0,1,0,2,0,4,0,0
76,Bouffalant,poison,0,0,0,0,0,0,0,0,0,0,0,0,4,0,4,0,0
77,Braixen,fire,0,0,0,0,0,0,4,0,0,2,0,1,2,0,0,0,1
78,Braviary,rock,0,0,0,0,0,0,0,2,0,0,0,0,2,0,3,1,0
79,Breloom,poison,0,0,0,0,0,0,0,1,0,1,0,0,5,0,3,0,0
80,Bronzong,rock,0,0,0,0,0,0,0,1,0,1,2,0,2,0,4,0,0
81,Bronzor,rock,0,0,0,0,0,0,0,1,0,1,2,0,2,0,3,0,0
82,Budew,poison,0,0,0,0,0,0,0,0,0,2,0,0,4,0,0,0,1
83,Buizel,ice,0,0,0,0,0,1,0,0,0,0,0,4,2,0,2,0,4
84,Bulbasaur,poison,0,0,0,0,0,0,0,0,1,5,1,1,6,0,1,0,1
85,Buneary,ice,0,0,0,0,0,1,1,1,1,1,0,4,2,0,1,0,1
86,Bunnelby,poison,0,0,0,0,0,1,0,0,0,1,1,2,3,0,3,0,0
87,Burmy,bug,0,0,0,0,0,0,0,0,0,0,0,0,0,0,0,0,0
88,Butterfree,poison,2,0,0,0,0,0,0,2,0,0,0,0,4,0,0,0,0
89,Cacnea,poison,0,1,0,0,0,0,0,0,0,3,0,0,7,0,0,0,0
90,Cacturne,poison,0,1,0,0,0,0,0,0,0,3,0,0,7,0,0,0,0
91,Camerupt,rock,0,0,0,0,0,0,1,0,1,0,0,1,2,0,4,0,0
92,Carbink,rock,0,0,0,0,0,0,0,1,0,0,3,0,2,0,4,0,0
93,Carnivine,poison,1,0,0,0,0,0,0,0,0,2,0,0,3,0,0,0,0
94,Carracosta,rock,0,0,0,0,0,0,0,0,1,0,1,1,2,0,5,0,2
95,Carvanha,poison,0,1,0,0,0,0,0,0,0,0,0,3,4,0,0,0,1
96,Cascoon,poison,0,0,0,0,0,0,0,0,0,0,0,0,2,0,0,0,0
97,Castform,poison,0,0,0,0,0,0,1,0,0,0,0,1,2,0,0,0,2
98,Caterpie,bug,0,0,0,0,0,0,0,0,0,0,0,0,0,0,0,0,0
99,Celebi,poison,0,0,0,0,0,0,0,0,0,1,0,1,2,0,0,0,1
100,Chandelure,poison,0,1,0,0,0,0,2,0,1,0,1,0,3,0,0,0,0
101,Chansey,ice,0,0,0,0,0,0,2,1,0,1,1,4,2,0,4,0,1
102,Charmander,dragon,0,0,5,0,0,0,5,0,0,1,0,1,2,0,3,0,1
103,Charmeleon,dragon,0,0,5,0,0,0,5,0,0,1,0,1,2,0,3,0,1
104,Chatot,ice,0,0,0,0,0,0,0,2,0,0,0,3,2,0,0,1,0
105,Cherrim,grass,0,0,0,0,0,0,0,0,0,3,0,0,2,0,0,0,0
106,Cherubi,grass,0,0,0,0,0,0,0,0,0,3,0,0,2,0,0,0,0
107,Chesnaught,poison,0,0,1,0,0,0,0,0,1,3,1,1,5,0,3,0,1
108,Chespin,poison,0,0,0,0,0,0,0,0,1,3,1,1,5,0,3,0,1
109,Chikorita,grass,0,0,0,0,0,0,0,0,0,5,1,1,3,0,0,0,1
110,Chimchar,fire,0,0,0,0,0,0,4,0,0,2,0,2,3,0,2,0,1
111,Chimecho,ice,0,0,0,0,0,0,0,1,1,1,2,3,2,0,0,0,0
112,Chinchou,water,0,0,0,2,0,0,0,0,0,0,0,1,2,0,0,0,3
113,Chingling,ice,0,0,0,0,0,0,0,1,1,1,2,3,2,0,0,0,0
114,Cinccino,poison,0,0,0,0,0,0,0,0,0,1,0,2,3,0,1,0,0
115,Clamperl,poison,0,0,0,0,0,0,0,0,0,0,0,1,2,0,0,0,2
116,Clauncher,poison,0,0,1,0,0,0,0,0,0,0,1,2,5,0,1,0,3
117,Clawitzer,poison,0,1,1,0,0,0,0,0,0,0,1,2,5,0,1,0,3
118,Claydol,rock,0,0,0,0,0,0,0,1,0,1,3,1,2,0,4,0,0
119,Clefairy,ice,0,0,1,0,1,0,2,1,0,1,3,5,2,0,1,0,1
120,Cleffa,ground,0,0,1,0,0,0,1,1,0,1,3,2,2,0,0,0,1
121,Cloyster,poison,0,0,0,0,0,0,0,0,0,0,0,4,5,0,1,0,1
122,Cobalion,poison,0,0,0,0,0,0,0,0,0,0,1,1,4,0,2,0,0
123,Cofagrigus,poison,0,1,0,0,0,0,0,0,1,1,1,0,2,0,0,0,0
124,Combee,bug,2,0,0,0,0,0,0,0,0,0,0,0,0,0,0,0,0
125,Combusken,fire,0,0,0,0,0,0,4,1,1,1,0,3,4,0,3,0,1
126,Conkeldurr,poison,0,0,0,0,0,1,1,0,1,1,1,1,4,0,4,0,0
127,Corphish,ice,0,0,1,0,0,0,0,0,0,0,0,3,3,0,3,0,2
128,Corsola,rock,0,0,0,0,0,0,0,0,1,0,0,1,2,0,5,0,1
129,Cottonee,poison,0,0,0,0,1,0,0,0,0,2,0,0,3,0,0,0,0
130,Cradily,poison,0,0,0,0,0,0,0,0,1,1,1,0,4,0,4,0,0
131,Cranidos,rock,0,0,1,0,0,0,2,0,1,0,1,1,2,0,5,0,0
132,Crawdaunt,poison,0,1,1,0,0,0,0,0,0,0,0,3,4,0,3,0,2
133,Cresselia,ground,0,0,0,0,0,0,0,1,0,1,2,1,2,0,0,0,0
134,Croagunk,poison,0,1,0,0,0,0,0,0,0,0,0,3,10,0,4,0,0
135,Crobat,poison,0,1,0,0,0,0,0,2,1,0,0,1,8,0,0,1,0
136,Croconaw,water,0,0,2,0,0,0,1,0,0,1,0,3,2,0,3,0,4
137,Crustle,rock,1,0,0,0,0,0,0,0,1,1,1,0,4,0,6,0,0
138,Cryogonal,poison,0,0,0,0,0,0,0,0,0,0,0,2,4,0,0,0,2
139,Cubchoo,ice,0,0,0,0,0,0,0,0,0,1,0,4,2,0,2,0,1
140,Cubone,ice,0,0,0,0,0,0,2,0,0,0,1,4,2,0,4,0,0
141,Cyndaquil,fire,0,0,0,0,0,1,2,0,1,1,0,1,2,0,0,0,1
142,Darkrai,poison,0,2,0,0,0,0,0,0,0,0,0,2,5,0,4,0,0
143,Darmanitan,fire,0,0,0,0,0,0,3,0,0,1,1,1,2,0,3,0,0
144,Darumaka,fire,0,0,0,0,0,0,3,0,0,1,0,0,2,0,3,0,0
145,Dedenne,poison,0,0,0,1,0,0,0,0,0,1,1,0,2,0,0,0,0
146,Deerling,grass,0,0,0,0,0,1,0,0,0,2,0,2,2,0,0,0,0
147,Deino,dragon,0,1,5,0,0,0,1,0,0,0,0,4,2,0,1,0,0
148,Delcatty,ice,0,0,0,0,0,1,0,0,1,1,0,3,2,0,1,0,1
149,Delibird,ice,0,0,0,0,0,0,0,0,0,0,0,4,3,0,0,0,2
150,Delphox,fire,0,0,0,0,0,0,4,0,0,2,0,1,2,0,0,0,1
151,Deoxys,poison,0,1,0,0,0,0,1,1,0,1,2,3,4,0,3,0,1
152,Deoxys-Attack,poison,0,1,0,0,0,0,1,1,0,1,2,3,4,0,3,0,1
153,Deoxys-Defense,poison,0,1,0,0,0,0,1,1,0,1,2,3,4,0,3,0,1
154,Deoxys-Speed,poison,0,1,0,0,0,0,1,1,0,1,2,3,4,0,3,0,1
155,Dewgong,ice,0,0,0,0,0,0,0,0,0,0,0,3,2,0,0,0,2
156,Dewott,water,0,0,0,0,0,0,1,0,0,2,0,1,2,0,1,0,4
157,Dialga,dragon,0,0,4,0,0,0,1,1,0,0,2,3,2,0,3,0,0
158,Diancie,rock,0,0,0,0,0,0,0,1,0,0,3,0,2,0,4,0,0
159,Diggersby,poison,0,0,0,0,0,1,1,0,0,2,1,3,4,0,3,0,0
160,Diglett,poison,0,0,0,0,0,0,0,0,0,0,0,1,3,0,3,0,0
161,Ditto,bug,0,0,0,0,0,0,0,0,0,0,0,0,0,0,0,0,0
162,Dodrio,ice,0,0,0,0,0,0,0,2,0,0,0,3,2,0,0,1,0
163,Doduo,flying,0,0,0,0,0,0,0,2,0,0,0,2,2,0,0,1,0
164,Donphan,poison,0,0,0,0,0,1,1,0,0,0,0,3,5,0,4,0,0
165,Doublade,poison,0,0,0,0,0,0,0,0,0,0,1,0,2,0,2,0,0
166,Dragalge,poison,0,0,2,0,0,0,0,0,0,0,0,0,9,0,0,0,2
167,Dragonair,dragon,0,0,6,0,0,0,1,0,0,0,0,1,2,0,0,0,1
168,Dragonite,dragon,0,0,7,0,0,0,2,2,0,0,0,2,2,0,3,1,1
169,Drapion,poison,1,1,0,0,0,0,1,0,0,0,0,3,14,0,4,0,0
170,Dratini,dragon,0,0,6,0,0,0,1,0,0,0,0,1,2,0,0,0,1
171,Drifblim,poison,0,0,0,0,0,0,0,0,0,0,1,0,2,0,0,0,0
172,Drifloon,poison,0,0,0,0,0,0,0,0,0,0,1,0,2,0,0,0,0
173,Drilbur,poison,0,0,0,0,0,0,0,0,0,0,0,0,5,0,4,0,0
174,Drowzee,poison,0,0,0,0,0,0,1,0,0,1,1,2,3,0,0,0,0
175,Druddigon,poison,0,1,4,0,0,0,2,0,0,0,1,1,6,0,4,0,0
176,Ducklett,water,0,0,0,0,0,0,0,2,0,0,0,1,2,0,0,1,3
177,Dugtrio,poison,0,0,0,0,0,0,0,0,0,1,0,1,4,0,3,0,0
178,Dunsparce,poison,0,0,0,0,0,0,1,2,1,0,0,1,4,0,3,0,1
179,Duosion,ground,0,0,0,0,0,0,0,1,0,0,2,0,2,0,2,0,0
180,Durant,rock,1,0,0,0,0,0,0,0,0,0,0,1,2,0,5,0,0
181,Dusclops,ice,0,1,0,0,0,1,1,1,2,0,2,3,2,0,3,0,0
182,Dusknoir,ice,0,1,0,0,0,1,1,1,2,0,2,3,2,0,3,0,0
183,Duskull,ghost,0,1,0,0,0,1,0,1,2,0,2,2,2,0,0,0,0
184,Dustox,poison,2,0,0,0,0,0,0,2,0,0,0,0,7,0,0,0,0
185,Dwebble,rock,1,0,0,0,0,0,0,0,1,1,1,0,4,0,6,0,0
186,Eelektrik,poison,0,0,0,0,0,0,0,0,0,0,1,0,2,0,0,0,0
187,Eelektross,dragon,0,0,3,1,0,0,1,0,0,1,1,0,2,0,3,0,0
188,Eevee,ice,0,0,0,0,0,0,0,0,1,0,0,2,2,0,0,0,0
189,Ekans,poison,0,1,0,0,0,0,0,0,0,0,0,1,14,0,2,0,0
190,Electabuzz,ice,0,0,0,0,0,0,1,0,0,0,1,2,2,0,2,0,0
191,Electivire,rock,0,0,0,3,0,0,1,0,0,0,2,3,2,0,4,0,0
192,Electrike,poison,0,0,0,1,0,1,1,0,1,0,1,1,2,0,0,0,0
193,Electrode,poison,0,0,0,1,0,0,0,0,0,0,1,1,2,0,0,0,0
194,Elekid,ice,0,0,0,0,0,0,1,0,0,0,1,2,2,0,1,0,0
195,Elgyem,dark,0,2,0,0,0,0,0,1,0,0,2,1,2,1,2,1,0
196,Emboar,poison,0,0,0,0,0,1,3,0,1,2,1,1,5,0,3,0,1
197,Emolga,electric,0,0,0,2,0,0,0,2,0,0,0,0,2,0,0,0,0
198,Empoleon,rock,0,0,0,0,0,0,1,0,0,2,0,3,2,0,4,1,3
199,Entei,fire,0,0,0,0,0,0,3,0,0,0,0,0,2,0,2,0,0
200,Escavalier,poison,2,0,0,0,0,0,0,0,0,0,0,1,5,0,1,0,0
201,Espeon,ice,0,0,0,0,0,0,0,0,1,1,1,2,2,0,0,0,0
202,Espurr,ice,0,1,0,0,1,0,0,1,0,0,1,3,2,0,0,0,0
203,Excadrill,poison,0,0,0,0,0,0,0,0,0,1,1,0,5,0,4,0,0
204,Exeggcute,poison,0,0,0,0,0,0,0,1,1,2,3,0,4,0,1,0,0
205,Exeggutor,poison,0,0,0,0,0,0,0,1,1,2,3,0,4,0,1,0,0
206,Exploud,ice,0,0,0,0,1,0,3,0,0,0,1,7,2,0,4,0,1
207,Farfetch'd,poison,0,0,0,0,0,1,0,2,2,0,0,0,4,0,0,1,0
208,Fearow,flying,0,0,0,0,0,0,0,2,0,0,0,1,2,0,0,1,0
209,Feebas,dragon,0,0,2,0,0,0,0,0,0,0,0,1,2,0,0,0,1
210,Fennekin,fire,0,0,0,0,0,0,3,0,0,2,0,1,2,0,0,0,1
211,Feraligatr,dragon,0,0,4,0,0,0,1,0,0,1,0,3,2,0,4,0,4
212,Ferroseed,poison,0,0,0,0,0,0,0,1,1,0,2,0,4,0,3,0,0
213,Ferrothorn,poison,0,0,0,0,0,0,0,1,1,1,2,0,4,0,3,0,0
214,Finneon,water,0,0,0,0,0,0,0,0,0,0,0,1,2,0,0,0,3
215,Flaaffy,electric,0,0,0,3,0,1,1,0,0,0,2,1,2,0,1,0,0
216,Flabebe,grass,0,0,1,0,1,0,0,0,0,2,2,1,2,0,0,0,0
217,Flareon,fire,0,0,0,0,0,0,3,0,1,0,0,2,3,0,1,0,0
218,Fletchinder,flying,0,0,0,0,0,0,1,2,0,0,0,0,2,0,0,1,0
219,Fletchling,flying,0,0,0,0,0,0,0,2,0,0,0,0,2,0,0,1,0
220,Floatzel,ice,0,0,0,0,0,1,0,0,0,0,0,6,2,0,2,0,4
221,Floette,grass,0,0,1,0,1,0,0,0,0,2,2,1,2,0,0,0,0
222,Floette-Eternal,grass,0,0,1,0,1,0,0,0,0,2,2,1,2,0,0,0,0
223,Florges,grass,0,0,1,0,2,0,0,0,0,3,2,2,2,0,0,0,0
224,Flygon,dragon,2,0,5,0,0,0,2,2,0,0,0,0,2,0,3,1,0
225,Foongus,poison,0,0,0,0,0,0,0,0,0,1,0,0,5,0,0,0,0
226,Forretress,rock,1,0,0,0,0,0,0,1,0,0,2,0,3,0,4,0,0
227,Fraxure,dragon,0,0,5,0,0,0,0,0,0,0,0,1,4,0,2,0,0
228,Frillish,poison,0,1,0,0,0,0,0,0,0,0,0,1,4,0,0,0,3
229,Froakie,rock,0,0,0,0,0,0,1,0,0,2,1,2,2,0,3,0,3
230,Frogadier,ice,0,1,0,0,0,0,1,0,0,2,1,3,3,0,3,0,3
231,Froslass,ice,0,0,0,0,0,0,0,0,0,0,1,5,2,0,0,0,1
232,Furfrou,ice,0,1,0,0,0,1,0,0,0,1,0,2,2,0,1,0,0
233,Furret,ice,0,0,0,0,0,1,1,0,1,1,0,4,2,0,1,0,1
234,Gabite,dragon,0,0,5,0,0,0,1,0,0,0,0,1,2,0,4,0,0
235,Gallade,ice,0,0,1,0,1,0,1,0,0,1,2,6,4,0,3,0,0
236,Galvantula,poison,2,0,0,0,0,0,0,0,0,0,1,0,7,0,1,0,0
237,Garbodor,poison,0,1,0,0,0,0,0,0,1,0,1,0,8,0,2,0,0
238,Gardevoir,ice,0,0,1,0,1,0,1,0,0,1,2,5,2,0,0,0,0
239,Gastly,poison,0,1,0,0,0,0,1,0,1,0,1,2,6,0,0,0,0
240,Gastrodon,poison,0,0,0,0,0,0,0,0,1,0,0,1,5,0,3,0,1
241,Genesect,poison,2,1,0,0,0,0,0,1,0,0,2,1,3,0,1,0,0
242,Gengar,poison,0,1,0,0,0,0,1,0,1,0,1,2,8,0,1,0,0
243,Geodude,rock,0,0,0,0,0,0,2,0,1,0,1,0,2,0,7,0,0
244,Gible,dragon,0,0,5,0,0,0,1,0,0,0,0,0,2,0,4,0,0
245,Gigalith,rock,0,0,0,0,0,0,0,1,1,0,2,0,2,0,5,0,0
246,Girafarig,ice,0,0,0,0,0,2,0,1,1,1,2,4,2,0,1,0,0
247,Giratina,dragon,0,1,4,0,0,0,0,1,0,0,2,2,2,0,2,1,0
248,Giratina-Origin,dragon,0,1,4,0,0,0,0,1,0,0,2,2,2,0,2,1,0
249,Glaceon,ice,0,0,0,0,0,0,0,0,1,0,0,5,2,0,1,0,1
250,Glalie,ice,0,1,0,0,0,0,0,0,0,0,0,4,2,0,0,0,2
251,Glameow,ice,0,0,0,0,0,0,0,0,0,0,0,3,2,0,0,0,1
252,Gligar,poison,1,1,0,0,0,0,0,3,0,0,0,1,11,0,5,1,0
253,Gliscor,poison,1,1,0,0,0,0,1,3,0,0,0,2,11,0,5,1,0
254,Gloom,poison,0,0,0,0,0,0,0,0,0,2,1,0,5,0,0,0,0
255,Gogoat,poison,0,0,0,0,0,0,0,0,0,1,0,0,2,0,2,0,0
256,Golbat,poison,0,0,0,0,0,0,0,2,1,0,0,1,7,0,0,1,0
257,Goldeen,poison,0,0,0,0,0,0,0,0,0,0,0,1,4,0,0,0,3
258,Golduck,water,0,0,0,0,0,1,0,0,1,0,1,2,2,0,2,0,4
259,Golem,rock,0,0,0,0,0,0,2,0,1,0,1,0,2,0,7,0,0
260,Golett,rock,0,0,0,0,0,0,1,1,1,1,2,2,2,0,4,0,0
261,Golurk,rock,0,0,0,0,0,0,1,1,1,1,2,2,2,0,4,0,0
262,Goodra,poison,0,0,3,0,0,0,2,0,1,0,0,1,6,0,2,0,1
263,Goomy,poison,0,0,2,0,0,0,0,0,1,0,0,0,6,0,1,0,1
264,Gorebyss,water,0,0,0,0,1,0,0,0,0,0,0,2,2,0,0,0,3
265,Gothita,dark,0,2,0,0,0,0,0,1,0,1,2,2,2,1,2,0,0
266,Gothitelle,dark,0,2,0,0,0,0,0,1,0,1,2,2,2,1,2,0,0
267,Gothorita,dark,0,2,0,0,0,0,0,1,0,1,2,2,2,1,2,0,0
268,Gourgeist,poison,0,1,0,0,0,0,1,0,1,1,0,0,3,0,2,0,0
269,Gourgeist-Large,bug,0,0,0,0,0,0,0,0,0,0,0,0,0,0,0,0,0
270,Gourgeist-Small,bug,0,0,0,0,0,0,0,0,0,0,0,0,0,0,0,0,0
271,Gourgeist-Super,bug,0,0,0,0,0,0,0,0,0,0,0,0,0,0,0,0,0
272,Granbull,ice,0,0,0,0,0,0,3,0,0,0,0,4,3,0,4,0,1
273,Graveler,rock,0,0,0,0,0,0,2,0,1,0,1,0,2,0,7,0,0
274,Greninja,water,0,1,0,0,0,0,1,0,0,2,1,3,3,0,3,0,4
275,Grimer,poison,0,0,0,0,0,0,2,0,1,0,0,2,10,0,2,0,0
276,Grotle,grass,0,0,0,0,0,0,0,0,1,4,1,0,2,0,2,0,1
277,Grovyle,grass,0,0,1,0,0,0,0,0,0,5,1,1,2,0,3,0,1
278,Growlithe,fire,0,0,0,0,0,1,3,0,0,0,0,1,2,0,1,0,0
279,Grumpig,ice,0,0,0,0,0,1,1,0,0,1,1,2,2,0,0,0,0
280,Gulpin,poison,0,0,0,0,0,0,1,0,1,0,0,2,10,0,1,0,1
281,Gurdurr,poison,0,0,0,0,0,1,1,0,1,1,1,1,4,0,4,0,0
282,Gyarados,dragon,0,1,4,0,0,0,1,0,0,0,0,3,2,0,1,0,1
283,Happiny,ice,0,0,0,0,0,0,1,1,0,1,1,2,2,0,0,0,1
284,Hariyama,poison,0,0,0,0,0,1,1,0,1,0,1,1,4,0,4,0,0
285,Haunter,poison,0,1,0,0,0,0,1,0,1,0,1,2,8,0,0,0,0
286,Hawlucha,flying,0,0,0,0,0,1,1,4,0,1,0,2,4,0,3,1,0
287,Haxorus,dragon,0,0,5,0,0,0,0,0,0,1,0,1,4,0,3,0,0
288,Heatmor,fire,1,0,0,0,0,1,3,0,1,0,0,0,2,0,2,0,0
289,Heliolisk,electric,0,1,2,4,0,0,1,0,0,1,2,1,2,0,2,0,0
290,Helioptile,electric,0,1,1,4,0,0,0,0,0,1,2,0,2,0,2,0,0
291,Heracross,rock,1,0,0,0,0,0,0,0,0,0,1,0,3,0,4,0,0
292,Herdier,ice,0,0,0,0,0,1,1,0,0,0,0,2,2,0,2,0,0
293,Hippopotas,rock,0,0,0,0,0,0,0,0,1,0,0,0,2,0,3,0,1
294,Hippowdon,rock,0,0,0,0,0,0,1,0,1,0,0,1,2,0,3,0,1
295,Hitmonchan,rock,0,0,0,0,0,1,1,1,1,0,0,1,2,0,4,0,0
296,Hitmonlee,poison,0,0,0,0,0,1,0,0,1,0,0,1,4,0,4,0,0
297,Hitmontop,poison,0,0,0,0,0,1,0,0,1,0,0,0,2,0,2,0,0
298,Honchkrow,flying,0,1,0,0,0,0,0,2,0,0,0,1,2,0,0,1,0
299,Honedge,poison,0,0,0,0,0,0,0,0,0,0,1,0,2,0,2,0,0
300,Ho-Oh,flying,0,0,0,0,0,0,1,2,0,0,0,2,2,0,1,1,0
301,Hoopa,ice,0,1,0,0,0,0,1,1,0,1,1,3,3,0,0,0,0
302,Hoopa-Unbound,ice,0,1,0,0,0,0,1,1,0,1,1,3,3,0,0,0,0
303,Hoothoot,flying,0,0,0,0,0,1,0,2,1,0,0,2,2,0,0,1,0
304,Hoppip,poison,0,0,0,0,1,0,0,0,0,2,1,0,3,0,0,0,0
305,Horsea,dragon,0,0,4,0,0,0,0,0,0,0,0,1,2,0,0,0,2
306,Houndoom,poison,0,1,0,0,0,1,3,0,0,0,0,2,4,0,1,0,0
307,Houndour,poison,0,1,0,0,0,1,3,0,0,0,0,2,4,0,1,0,0
308,Huntail,ice,0,0,0,0,0,0,0,0,0,0,0,2,2,0,1,0,2
309,Hydreigon,dragon,0,1,5,0,0,0,2,2,0,0,0,5,2,0,3,1,0
310,Hypno,poison,0,0,0,0,0,0,1,0,0,1,1,2,3,0,0,0,0
311,Igglybuff,ground,0,0,1,0,0,0,1,1,0,1,2,2,2,0,0,0,1
312,Illumise,bug,2,0,0,0,0,0,0,2,0,0,0,2,2,0,0,0,1
313,Inkay,poison,0,1,0,0,0,0,0,0,0,0,0,1,2,0,1,0,0
314,Ivysaur,poison,0,0,0,0,0,0,0,0,1,5,1,1,6,0,1,0,1
315,Jellicent,poison,0,1,0,0,0,0,0,0,0,0,0,1,4,0,0,0,3
316,Jigglypuff,ice,0,0,1,0,1,0,2,1,0,1,2,6,2,0,0,0,1
317,Jirachi,ground,0,0,0,0,0,0,1,1,0,1,2,1,2,0,0,0,1
318,Jolteon,ice,0,0,0,0,0,0,0,0,1,0,1,3,2,0,1,0,0
319,Joltik,poison,2,0,0,0,0,0,0,0,0,0,1,0,7,0,1,0,0
320,Jumpluff,poison,0,0,0,0,1,0,0,0,0,2,1,0,3,0,0,0,0
321,Jynx,ice,0,1,0,0,0,0,0,0,0,1,1,5,2,1,0,0,1
322,Kabuto,rock,0,0,0,0,0,1,0,0,1,0,1,1,2,0,4,0,1
323,Kabutops,rock,0,0,0,0,0,1,0,0,1,0,1,1,2,0,5,0,1
324,Kadabra,ground,0,1,0,0,0,0,1,1,0,1,2,2,2,1,0,0,0
325,Kakuna,poison,0,0,0,0,0,0,0,0,0,0,0,0,2,0,0,0,0
326,Kangaskhan,rock,0,0,0,0,0,1,2,0,1,0,0,3,2,0,4,0,1
327,Karrablast,poison,2,0,0,0,0,0,0,0,0,0,0,0,4,0,0,0,0
328,Kecleon,rock,0,0,0,0,0,0,2,0,0,1,0,2,2,0,3,0,1
329,Keldeo,poison,0,0,0,0,0,0,0,0,0,0,0,1,4,0,1,0,1
330,Kingdra,dragon,0,0,4,0,0,0,0,0,0,0,0,1,2,0,0,0,2
331,Kingler,rock,0,0,0,0,0,0,0,0,0,0,0,2,2,0,3,0,1
332,Kirlia,ice,0,0,1,0,1,0,1,0,0,1,2,5,2,0,0,0,0
333,Klang,ground,0,0,0,1,0,0,0,1,0,0,2,2,2,0,2,0,0
334,Klefki,fairy,0,0,0,0,2,0,0,0,0,0,1,1,2,0,0,0,0
335,Klink,ground,0,0,0,1,0,0,0,1,0,0,2,2,2,0,2,0,0
336,Klinklang,ground,0,0,0,1,0,0,0,1,0,0,2,2,2,0,2,0,0
337,Koffing,poison,0,1,0,0,0,0,1,0,1,0,0,1,8,0,0,0,0
338,Krabby,rock,0,0,0,0,0,0,0,0,0,0,0,2,2,0,3,0,1
339,Kricketot,bug,1,0,0,0,0,0,0,0,0,0,0,0,0,0,0,0,0
340,Kricketune,bug,2,0,0,0,0,0,0,0,0,0,0,2,2,0,1,0,0
341,Krokorok,rock,0,1,0,0,0,0,1,0,0,1,0,1,3,0,4,0,0
342,Krookodile,rock,0,1,3,0,0,0,1,0,0,1,1,1,3,0,4,0,0
343,Kyogre,rock,0,0,0,0,0,0,0,0,0,0,0,1,2,0,3,0,2
344,Kyurem,dragon,0,0,5,0,0,0,0,2,0,0,0,3,2,0,3,1,0
345,Kyurem-Black,dragon,0,0,5,0,0,0,0,2,0,0,0,3,2,0,3,1,0
346,Kyurem-White,dragon,0,0,5,0,0,0,0,2,0,0,0,4,2,0,3,1,0
347,Lairon,rock,0,0,1,0,0,0,0,0,1,0,1,0,2,0,4,0,1
348,Lampent,poison,0,1,0,0,0,0,2,0,1,0,1,0,3,0,0,0,0
349,Landorus,rock,0,0,0,0,0,0,0,1,0,1,2,0,4,0,5,0,0
350,Landorus-Therian,rock,0,0,0,0,0,0,0,1,0,1,2,0,4,0,5,0,0
351,Lanturn,water,0,0,0,2,0,0,0,0,0,0,0,1,2,0,0,0,3
352,Lapras,ice,0,0,2,0,0,1,0,0,2,0,0,4,2,0,1,0,3
353,Larvesta,bug,2,0,0,0,0,1,1,0,1,0,1,0,2,0,0,0,0
354,Larvitar,rock,0,1,1,0,0,0,0,0,1,0,1,1,2,0,4,0,0
355,Latias,dragon,0,0,3,0,0,0,0,2,0,1,1,1,2,0,0,1,2
356,Latios,dragon,0,0,4,0,0,0,0,2,0,1,1,1,2,0,0,1,1
357,Leafeon,grass,0,0,0,0,0,0,0,0,1,2,0,2,2,0,1,0,0
358,Leavanny,poison,2,0,0,0,0,0,0,0,0,2,0,0,4,0,0,1,0
359,Ledian,bug,2,0,0,0,0,0,0,2,0,0,0,1,2,0,1,0,0
360,Ledyba,bug,2,0,0,0,0,0,0,2,0,0,0,1,2,0,0,0,0
361,Lickilicky,rock,0,0,1,0,0,0,2,0,1,0,0,2,2,0,4,0,1
362,Lickitung,rock,0,0,1,0,0,0,2,0,1,0,0,2,2,0,4,0,1
363,Liepard,ice,0,1,0,0,0,0,0,0,0,1,0,3,3,0,1,0,0
364,Lileep,poison,0,0,0,0,0,0,0,0,1,1,1,0,3,0,3,0,0
365,Lilligant,grass,0,0,0,0,0,0,0,0,0,2,0,0,2,0,0,0,0
366,Lillipup,ice,0,0,0,0,0,1,1,0,0,0,0,2,2,0,2,0,0
367,Linoone,ice,0,0,0,0,0,1,0,0,0,2,0,3,3,0,2,0,1
368,Litleo,fire,0,1,0,0,0,0,3,0,0,0,0,2,2,0,1,0,0
369,Litwick,poison,0,1,0,0,0,0,2,0,1,0,1,0,3,0,0,0,0
370,Lombre,ice,0,0,0,0,0,0,1,0,0,1,0,4,2,0,1,0,3
371,Lopunny,ice,0,0,0,0,0,1,1,1,1,2,0,4,2,0,1,0,1
372,Lotad,ice,0,0,0,0,0,0,0,0,0,1,0,2,2,0,0,0,2
373,Loudred,ice,0,0,0,0,1,0,2,0,0,0,1,6,2,0,3,0,1
374,Lucario,poison,0,1,1,0,0,1,0,1,1,0,1,2,4,0,4,0,1
375,Ludicolo,ice,0,0,0,0,0,0,1,0,0,1,0,4,2,0,2,0,3
376,Lugia,dragon,0,0,3,0,0,0,0,2,0,0,1,3,2,0,1,1,1
377,Lumineon,water,0,0,0,0,0,0,0,0,0,0,0,1,2,0,0,0,3
378,Lunatone,rock,0,0,0,0,0,0,0,1,0,1,3,1,2,0,4,0,0
379,Luvdisc,water,0,0,0,0,0,0,0,0,0,0,0,1,2,0,0,0,3
380,Luxio,ice,0,0,0,1,0,0,1,0,0,0,1,2,2,0,0,0,0
381,Luxray,electric,0,0,0,3,0,0,1,0,0,0,2,2,2,0,0,0,0
382,Machamp,poison,0,0,0,0,0,1,2,0,1,0,1,2,4,0,4,0,0
383,Machoke,poison,0,0,0,0,0,1,2,0,1,0,1,2,4,0,4,0,0
384,Machop,poison,0,0,0,0,0,1,2,0,1,0,1,2,4,0,4,0,0
385,Magby,fire,0,0,0,0,0,0,3,0,0,0,0,1,3,0,1,0,0
386,Magcargo,rock,0,0,0,0,0,0,1,0,1,0,1,0,3,0,5,0,0
387,Magikarp,bug,0,0,0,0,0,0,0,0,0,0,0,0,0,0,0,0,0
388,Magmar,fire,0,0,0,0,0,0,3,0,0,0,0,1,3,0,2,0,0
389,Magmortar,rock,0,0,0,0,0,0,3,0,0,0,0,2,3,0,4,0,0
390,Magnemite,ground,0,0,0,0,0,0,0,1,0,0,2,0,2,0,0,0,0
391,Magneton,ground,0,0,0,2,0,0,0,1,0,0,3,0,2,0,0,0,0
392,Magnezone,ground,0,0,0,2,0,0,0,1,0,0,3,0,2,0,0,0,0
393,Makuhita,poison,0,0,0,0,0,1,1,0,1,0,1,1,4,0,4,0,0
394,Malamar,poison,0,1,0,0,0,0,0,0,0,0,0,1,2,0,1,0,0
395,Mamoswine,ice,0,0,0,0,0,1,0,0,1,0,0,4,2,0,4,0,1
396,Manaphy,poison,0,0,0,0,0,0,0,0,0,1,0,1,2,0,0,0,2
397,Mandibuzz,flying,0,1,0,0,0,0,0,2,0,0,0,1,2,0,2,1,0
398,Manectric,electric,0,0,0,3,0,1,1,0,1,0,2,1,2,0,0,0,0
399,Mankey,poison,0,0,0,0,0,1,1,0,1,0,1,2,5,0,4,0,0
400,Mantine,poison,0,0,0,0,0,0,0,0,0,0,0,1,3,0,2,0,2
401,Mantyke,poison,0,0,0,0,0,0,0,0,0,0,0,1,2,0,1,0,2
402,Maractus,poison,0,0,0,0,0,0,0,0,0,3,1,1,4,0,0,0,0
403,Mareep,electric,0,0,0,3,0,1,0,0,0,0,2,1,2,0,0,0,0
404,Marill,water,0,0,0,0,0,0,0,0,0,1,0,3,2,0,1,0,4
405,Marowak,ice,0,0,0,0,0,0,2,0,0,0,1,4,2,0,4,0,0
406,Marshtomp,ice,0,0,0,0,0,1,1,0,2,1,0,4,4,0,4,0,3
407,Masquerain,bug,2,0,0,0,0,1,0,2,1,0,0,1,2,0,0,0,2
408,Mawile,ice,0,1,1,0,1,0,2,0,0,1,2,5,5,0,3,0,0
409,Medicham,poison,0,0,0,0,0,1,1,1,1,1,2,1,4,0,3,0,0
410,Meditite,poison,0,0,0,0,0,1,1,1,1,1,2,1,4,0,3,0,0
411,Meganium,grass,0,0,1,0,0,0,0,0,0,5,1,1,3,0,2,0,1
412,Meloetta,ice,0,0,0,0,0,0,1,1,0,1,2,4,2,0,1,0,0
413,Meowstic-F,ice,0,1,1,0,1,0,0,1,0,0,2,3,2,0,0,0,0
414,Meowstic-M,ice,0,2,1,0,1,0,0,1,0,0,2,3,2,1,0,0,0
415,Meowth,ice,0,1,0,0,0,1,0,0,0,0,0,3,3,0,0,0,1
416,Metagross,rock,0,1,0,0,0,0,0,1,0,1,3,1,3,1,4,0,0
417,Metang,rock,0,1,0,0,0,0,0,1,0,1,3,1,3,1,4,0,0
418,Metapod,bug,0,0,0,0,0,0,0,0,0,0,0,0,0,0,0,0,0
419,Mew,poison,1,1,3,0,0,0,2,3,0,1,4,6,8,0,5,1,1
420,Mewtwo,poison,0,1,0,0,0,0,2,1,0,1,2,3,4,1,4,0,1
421,Mienfoo,poison,0,0,0,0,0,0,0,0,0,1,0,1,4,0,3,0,0
422,Mienshao,poison,0,0,0,0,0,0,0,0,0,1,0,1,4,0,3,0,0
423,Mightyena,poison,0,1,0,0,0,1,1,0,0,0,0,3,4,0,1,0,0
424,Milotic,dragon,0,0,3,0,1,0,0,0,0,0,0,2,2,0,0,0,3
425,Miltank,ice,0,0,0,0,0,0,1,0,1,0,0,3,2,0,3,0,1
426,Mime Jr.,poison,0,0,0,0,0,0,0,0,0,1,1,1,2,0,0,0,0
427,Minccino,poison,0,0,0,0,0,0,0,0,0,1,0,2,3,0,0,0,0
428,Minun,ice,0,0,0,1,0,0,0,0,0,1,1,2,2,0,0,0,0
429,Misdreavus,ice,0,1,0,0,0,0,0,0,1,0,1,3,2,0,0,0,0
430,Mismagius,ice,0,1,0,0,0,0,0,0,1,0,1,3,2,0,0,0,0
431,Moltres,fire,0,0,0,0,0,0,2,2,0,0,0,0,2,0,1,1,0
432,Monferno,poison,0,0,0,0,0,0,4,0,0,2,0,3,5,0,4,0,1
433,Mothim,poison,2,0,0,0,0,0,0,2,0,0,0,0,4,0,0,0,0
434,Mr. Mime,ground,0,0,1,0,0,0,1,0,0,1,2,2,2,0,0,0,0
435,Mudkip,poison,0,0,0,0,0,1,1,0,2,1,0,3,4,0,4,0,3
436,Muk,poison,0,1,0,0,0,0,2,0,1,0,0,2,10,0,3,0,0
437,Munchlax,rock,0,0,0,0,0,1,2,0,1,0,0,3,3,0,4,0,1
438,Munna,ground,0,0,0,0,0,0,0,1,1,0,2,1,2,0,2,0,0
439,Murkrow,flying,0,1,0,0,0,0,0,2,0,0,0,1,2,0,0,1,0
440,Musharna,ground,0,0,0,0,0,0,0,1,1,0,2,1,2,0,2,0,0
441,Natu,flying,0,1,0,0,0,0,0,2,0,1,1,0,2,1,0,1,0
442,Nidoking,poison,0,0,2,0,0,0,2,0,0,0,1,5,12,0,4,0,1
443,Nidoqueen,poison,0,0,2,0,0,0,2,0,0,0,1,5,14,0,4,0,1
444,Nidoran-F,poison,0,0,0,0,0,0,0,0,0,0,0,3,13,0,1,0,1
445,Nidoran-M,poison,0,0,0,0,0,0,0,0,0,0,0,3,11,0,1,0,1
446,Nidorina,poison,0,0,0,0,0,0,0,0,0,0,0,3,13,0,1,0,1
447,Nidorino,poison,0,0,0,0,0,0,0,0,0,0,0,3,11,0,1,0,1
448,Nincada,bug,2,0,0,0,0,0,0,0,0,0,0,0,2,0,0,0,0
449,Ninetales,fire,0,1,0,0,0,0,2,0,0,0,0,0,2,0,0,0,0
450,Ninjask,bug,2,0,0,0,0,0,0,2,0,0,0,0,2,0,0,0,0
451,Noctowl,flying,0,0,0,0,0,1,0,2,1,0,0,2,2,0,0,1,0
452,Noibat,ice,0,1,1,0,0,0,0,2,0,0,0,3,2,0,0,1,1
453,Noivern,ice,0,1,2,0,0,0,0,2,0,0,0,3,2,0,0,1,1
454,Nosepass,rock,0,0,0,0,0,0,1,1,0,0,3,2,2,0,6,0,0
455,Numel,rock,0,0,0,0,0,0,1,0,1,0,0,1,2,0,3,0,0
456,Nuzleaf,rock,0,1,0,0,0,0,0,0,0,2,1,1,2,0,3,0,0
457,Octillery,poison,0,0,0,0,0,0,1,0,0,0,1,1,5,0,1,0,4
458,Oddish,poison,0,0,0,0,0,0,0,0,0,2,1,0,5,0,0,0,0
459,Omanyte,rock,0,0,0,0,0,0,0,0,0,0,1,1,2,0,5,0,2
460,Omastar,rock,0,0,0,0,0,0,0,0,0,0,1,1,2,0,6,0,2
461,Onix,rock,0,0,3,0,0,0,0,0,1,1,1,1,2,0,7,0,0
462,Oshawott,water,0,0,0,0,0,0,1,0,0,2,0,1,2,0,1,0,4
463,Pachirisu,poison,0,0,0,2,0,0,0,0,0,1,1,1,3,0,0,0,0
464,Palkia,dragon,0,0,4,0,0,0,1,1,0,0,1,3,2,0,3,0,1
465,Palpitoad,poison,0,0,0,0,0,0,0,0,0,0,0,2,4,0,1,0,1
466,Pancham,ice,0,1,0,0,0,0,1,1,0,1,0,5,4,0,3,0,0
467,Pangoro,poison,0,1,1,0,0,0,1,1,0,1,0,5,6,0,3,0,0
468,Panpour,ice,0,0,0,0,1,0,0,0,0,1,0,5,3,0,2,0,3
469,Pansage,ice,0,0,0,0,1,0,0,0,0,2,0,3,3,0,2,0,0
470,Pansear,fire,0,0,0,0,1,0,3,0,0,1,0,3,3,0,2,0,0
471,Paras,poison,1,0,0,0,0,0,0,0,0,2,0,0,6,0,1,0,0
472,Parasect,poison,1,0,0,0,0,0,0,0,0,2,0,0,6,0,1,0,0
473,Patrat,poison,0,0,0,0,0,1,0,0,1,1,0,0,3,0,0,0,0
474,Pawniard,poison,0,1,0,0,0,0,0,0,0,1,1,2,4,0,3,0,0
475,Pelipper,water,0,0,0,0,0,0,0,2,0,0,0,2,3,0,0,1,4
476,Persian,ice,0,1,0,0,0,1,0,0,0,0,0,3,3,0,0,0,1
477,Petilil,grass,0,0,0,0,0,0,0,0,0,2,0,0,2,0,0,0,0
478,Phanpy,ice,0,0,0,0,0,1,0,0,0,0,0,3,3,0,3,0,0
479,Phantump,poison,0,1,0,0,0,0,0,0,1,2,0,0,5,0,2,0,0
480,Phione,poison,0,0,0,0,0,0,0,0,0,1,0,1,2,0,0,0,2
481,Pichu,ice,0,0,0,1,1,0,0,0,0,1,1,2,2,0,0,0,0
482,Pidgeot,flying,0,0,0,0,0,1,0,2,1,0,0,0,2,0,0,1,0
483,Pidgeotto,flying,0,0,0,0,0,1,0,2,1,0,0,0,2,0,0,1,0
484,Pidgey,flying,0,0,0,0,0,1,0,2,1,0,0,0,2,0,0,1,0
485,Pidove,flying,0,0,0,0,0,0,0,2,0,0,0,1,2,0,0,1,0
486,Pignite,poison,0,0,0,0,0,1,3,0,1,2,0,1,5,0,3,0,1
487,Pikachu,ice,0,0,0,1,1,0,0,0,0,1,1,3,2,0,1,0,0
488,Piloswine,ice,0,0,0,0,0,1,0,0,1,0,0,3,2,0,3,0,1
489,Pineco,poison,1,0,0,0,0,0,0,1,0,0,1,0,3,0,3,0,0
490,Pinsir,rock,1,0,0,0,0,0,0,0,0,0,1,2,2,0,4,0,0
491,Piplup,ice,0,0,0,0,0,0,1,0,0,2,0,3,2,0,1,0,3
492,Plusle,ice,0,0,0,1,0,0,0,0,0,1,1,2,2,0,0,0,1
493,Politoed,ice,0,0,0,0,0,0,0,0,0,0,0,5,2,0,1,0,3
494,Poliwag,water,0,0,0,0,0,0,0,0,0,0,0,2,2,0,0,0,3
495,Poliwhirl,ice,0,0,0,0,0,0,0,0,0,0,0,3,2,0,1,0,3
496,Poliwrath,poison,0,0,0,0,0,0,0,0,0,0,0,3,4,0,4,0,3
497,Ponyta,fire,0,0,0,0,0,0,2,0,0,0,0,2,2,0,0,0,0
498,Poochyena,poison,0,1,0,0,0,1,1,0,0,0,0,3,4,0,1,0,0
499,Porygon,ground,0,0,0,0,0,0,0,1,0,0,2,1,2,0,0,0,0
500,Porygon2,ground,0,0,0,0,0,0,0,1,0,0,2,1,2,0,0,0,0
501,Porygon-Z,ground,0,1,0,0,0,0,0,1,0,0,2,1,2,0,0,0,0
502,Primeape,poison,0,0,0,0,0,1,1,0,1,0,1,2,5,0,4,0,0
503,Prinplup,ice,0,0,0,0,0,0,1,0,0,2,0,3,2,0,2,0,3
504,Probopass,rock,0,0,0,0,0,0,1,1,0,0,3,2,2,0,6,0,0
505,Psyduck,water,0,0,0,0,0,1,0,0,1,0,1,2,2,0,1,0,4
506,Pumpkaboo,poison,0,1,0,0,0,0,1,0,1,1,0,0,3,0,2,0,0
507,Pumpkaboo-Large,bug,0,0,0,0,0,0,0,0,0,0,0,0,0,0,0,0,0
508,Pumpkaboo-Small,bug,0,0,0,0,0,0,0,0,0,0,0,0,0,0,0,0,0
509,Pumpkaboo-Super,bug,0,0,0,0,0,0,0,0,0,0,0,0,0,0,0,0,0
510,Pupitar,rock,0,1,1,0,0,0,0,0,1,0,1,1,2,0,4,0,0
511,Purrloin,ice,0,1,0,0,0,0,0,0,0,1,0,3,3,0,0,0,0
512,Purugly,ice,0,0,0,0,0,0,0,0,0,0,0,3,2,0,0,0,1
513,Pyroar,fire,0,1,0,0,0,0,3,0,0,0,0,2,2,0,1,0,0
514,Quagsire,poison,0,0,0,0,0,0,0,0,1,0,0,3,4,0,3,0,2
515,Quilava,fire,0,0,0,0,0,1,2,0,1,1,0,1,2,0,1,0,1
516,Quilladin,poison,0,0,0,0,0,0,0,0,1,3,1,1,5,0,3,0,1
517,Qwilfish,poison,0,0,0,0,0,0,0,0,0,0,0,1,9,0,0,0,2
518,Raichu,ice,0,0,0,1,1,0,0,0,0,1,1,3,2,0,1,0,0
519,Raikou,poison,0,0,0,0,0,0,0,0,0,0,1,0,2,0,2,0,0
520,Ralts,ice,0,0,1,0,1,0,1,0,0,1,2,5,2,0,0,0,0
521,Rampardos,rock,0,0,2,0,0,0,2,0,1,0,1,1,2,0,5,0,0
522,Rapidash,poison,0,0,0,0,0,0,2,0,0,0,0,2,4,0,0,0,0
523,Raticate,poison,0,0,0,0,0,0,0,0,0,1,0,1,2,0,1,0,0
524,Rattata,poison,0,0,0,0,0,0,0,0,0,1,0,1,2,0,1,0,0
525,Regice,rock,0,0,0,0,0,0,0,1,1,0,1,2,2,0,5,0,0
526,Regigigas,rock,0,0,0,0,0,1,1,1,1,0,2,1,2,0,5,0,0
527,Regirock,rock,0,0,0,0,0,0,1,1,1,0,2,1,2,0,6,0,0
528,Registeel,rock,0,0,0,0,0,0,0,1,1,0,2,1,2,0,5,0,0
529,Relicanth,rock,0,0,0,0,0,0,0,0,0,0,1,1,2,0,4,0,3
530,Remoraid,water,0,0,0,0,0,0,1,0,0,0,1,1,3,0,1,0,4
531,Reshiram,dragon,0,0,5,0,0,0,2,2,0,0,0,2,2,0,3,1,0
532,Reuniclus,rock,0,0,0,0,0,0,1,1,0,1,2,1,2,0,3,0,0
533,Rhydon,rock,0,0,3,0,0,0,3,0,1,1,1,3,4,0,6,0,0
534,Rhyhorn,rock,0,0,2,0,0,0,2,0,1,1,1,2,4,0,6,0,0
535,Rhyperior,rock,0,0,3,0,0,0,3,0,1,1,1,3,4,0,7,0,0
536,Riolu,poison,0,0,0,0,0,1,0,1,1,0,1,2,4,0,3,0,0
537,Roggenrola,rock,0,0,0,0,0,0,0,1,1,0,2,0,2,0,5,0,0
538,Roselia,poison,0,0,0,0,0,0,0,0,0,2,0,0,8,0,0,0,1
539,Roserade,poison,0,0,0,0,0,0,0,0,0,3,1,0,9,0,0,0,1
540,Rotom,poison,0,1,0,1,0,0,0,0,0,0,1,0,2,0,0,0,0
541,Rotom-Fan,poison,0,1,0,1,0,0,0,0,0,0,1,0,2,0,0,0,0
542,Rotom-Frost,poison,0,1,0,1,0,0,0,0,0,0,1,0,2,0,0,0,0
543,Rotom-Heat,poison,0,1,0,1,0,0,0,0,0,0,1,0,2,0,0,0,0
544,Rotom-Mow,poison,0,1,0,1,0,0,0,0,0,0,1,0,2,0,0,0,0
545,Rotom-Wash,poison,0,1,0,1,0,0,0,0,0,0,1,0,2,0,0,0,0
546,Rufflet,rock,0,0,0,0,0,0,0,2,0,0,0,0,2,0,3,1,0
547,Sableye,poison,0,1,0,0,0,1,1,1,1,0,2,2,4,0,2,0,1
548,Salamence,dragon,0,0,7,0,0,0,2,2,0,0,0,1,2,0,3,1,0
549,Samurott,water,0,0,1,0,0,0,1,0,0,2,0,1,2,0,1,0,4
550,Sandile,poison,0,1,0,0,0,0,1,0,0,0,0,1,3,0,3,0,0
551,Sandshrew,poison,0,0,0,0,0,0,0,0,0,1,0,0,6,0,4,0,0
552,Sandslash,poison,0,0,0,0,0,0,0,0,0,1,0,0,6,0,4,0,0
553,Sawk,poison,0,0,0,0,0,0,1,0,0,1,0,3,4,0,3,0,0
554,Sawsbuck,grass,0,0,0,0,0,1,0,0,0,2,0,2,2,0,1,0,0
555,Scatterbug,poison,0,0,0,0,0,0,0,0,0,0,0,0,1,0,0,0,0
556,Sceptile,grass,0,0,3,0,0,0,0,0,0,5,1,2,2,0,4,0,1
557,Scizor,poison,2,0,0,0,0,0,0,2,0,0,0,1,3,0,1,1,0
558,Scolipede,poison,1,0,0,0,0,0,0,0,0,0,0,1,12,0,4,0,0
559,Scrafty,poison,0,1,4,0,0,0,1,0,0,1,1,3,5,0,4,0,0
560,Scraggy,poison,0,1,4,0,0,0,1,0,0,1,1,3,5,0,4,0,0
561,Scyther,bug,2,0,0,0,0,0,0,2,0,0,0,1,2,0,1,1,0
562,Seadra,dragon,0,0,4,0,0,0,0,0,0,0,0,1,2,0,0,0,2
563,Seaking,poison,0,0,0,0,0,0,0,0,0,0,0,1,4,0,0,0,3
564,Sealeo,ice,0,0,0,0,0,0,0,0,1,0,0,3,2,0,3,0,3
565,Seedot,grass,0,0,0,0,0,0,0,0,0,2,1,0,2,0,1,0,0
566,Seel,ice,0,0,0,0,0,0,0,0,0,0,0,3,2,0,0,0,2
567,Seismitoad,poison,0,0,0,0,0,0,0,0,0,1,0,3,7,0,3,0,1
568,Sentret,ice,0,0,0,0,0,1,1,0,1,1,0,4,2,0,0,0,1
569,Serperior,grass,0,0,2,0,0,0,0,0,0,4,1,1,2,0,1,0,1
570,Servine,grass,0,0,0,0,0,0,0,0,0,4,1,1,2,0,0,0,1
571,Seviper,poison,0,1,1,0,0,0,0,0,0,0,0,0,12,0,1,0,0
572,Sewaddle,bug,2,0,0,0,0,0,0,0,0,1,0,0,2,0,0,0,0
573,Sharpedo,poison,0,1,0,0,0,0,0,0,0,0,0,3,6,0,2,0,1
574,Shaymin,grass,0,0,0,0,0,0,0,0,0,2,0,0,2,0,0,0,0
575,Shaymin-Sky,grass,0,0,0,0,0,0,0,0,0,2,0,0,2,0,0,0,0
576,Shedinja,bug,2,0,0,0,0,0,0,0,0,0,1,0,2,0,0,0,0
577,Shelgon,dragon,0,0,6,0,0,0,2,0,0,0,0,1,2,0,3,0,0
578,Shellder,ice,0,0,0,0,0,0,0,0,0,0,0,3,3,0,1,0,1
579,Shellos,poison,0,0,0,0,0,0,0,0,1,0,0,1,3,0,0,0,1
580,Shelmet,poison,2,0,0,0,0,0,0,0,1,0,0,0,4,0,0,0,0
581,Shieldon,rock,0,0,0,0,0,0,1,0,1,0,2,2,2,0,5,0,0
582,Shiftry,rock,0,1,0,0,0,0,0,0,0,2,1,1,2,0,3,0,0
583,Shinx,ice,0,0,0,1,0,0,1,0,0,0,1,2,2,0,0,0,0
584,Shroomish,poison,0,0,0,0,0,0,0,0,0,1,0,0,5,0,0,0,0
585,Shuckle,rock,1,0,0,0,0,0,0,0,0,0,1,0,5,0,6,0,0
586,Shuppet,poison,0,1,0,0,0,1,0,0,2,0,1,1,3,0,0,0,0
587,Sigilyph,flying,0,2,0,0,0,0,0,3,0,0,3,1,2,1,0,1,0
588,Silcoon,poison,0,0,0,0,0,0,0,0,0,0,0,0,2,0,0,0,0
589,Simipour,ice,0,0,0,0,1,0,0,0,0,1,0,5,3,0,3,0,3
590,Simisage,ice,0,0,0,0,1,0,0,0,0,2,0,3,3,0,3,0,0
591,Simisear,fire,0,0,0,0,1,0,3,0,0,1,0,3,3,0,3,0,0
592,Skarmory,rock,0,1,0,0,0,0,0,2,1,0,0,1,2,0,3,1,0
593,Skiddo,poison,0,0,0,0,0,0,0,0,0,1,0,0,2,0,2,0,0
594,Skiploom,poison,0,0,0,0,1,0,0,0,0,2,1,0,3,0,0,0,0
595,Skitty,ice,0,0,0,0,0,1,0,0,1,1,0,3,2,0,0,0,1
596,Skorupi,poison,1,1,0,0,0,0,0,0,0,0,0,2,14,0,2,0,0
597,Skrelp,poison,0,0,1,0,0,0,0,0,0,0,0,0,9,0,0,0,2
598,Skuntank,poison,0,1,0,0,0,0,1,0,0,0,0,1,8,0,1,0,0
599,Slaking,rock,0,0,0,0,0,0,2,0,1,0,1,2,3,0,4,0,1
600,Slakoth,poison,0,0,0,0,0,0,2,0,1,0,0,2,3,0,3,0,1
601,Sliggoo,poison,0,0,2,0,0,0,0,0,1,0,0,1,6,0,1,0,1
602,Slowbro,ice,0,0,0,0,0,0,1,0,1,1,1,3,2,0,1,0,2
603,Slowking,ice,0,0,1,0,0,0,1,0,1,1,1,3,2,0,1,0,2
604,Slowpoke,ice,0,0,0,0,0,0,1,0,1,1,1,2,2,0,0,0,2
605,Slugma,rock,0,0,0,0,0,0,1,0,1,0,0,0,3,0,4,0,0
606,Slurpuff,poison,0,0,0,0,1,0,0,0,0,0,0,1,2,0,0,0,0
607,Smeargle,bug,0,0,0,0,0,0,0,0,0,0,0,0,0,0,0,0,0
608,Smoochum,ice,0,1,0,0,0,0,0,0,0,1,0,3,2,1,0,0,1
609,Sneasel,ice,0,1,0,0,0,1,0,0,1,0,0,5,4,0,1,0,0
610,Snivy,grass,0,0,0,0,0,0,0,0,0,4,1,1,2,0,0,0,1
611,Snorlax,rock,0,0,0,0,0,1,2,0,1,0,1,3,3,0,4,0,1
612,Snorunt,ice,0,0,0,0,0,0,0,0,0,0,0,3,2,0,0,0,1
613,Snover,ice,0,0,0,0,0,0,0,0,0,2,0,3,2,0,0,0,1
614,Snubbull,ice,0,0,0,0,0,0,3,0,0,0,0,4,3,0,1,0,1
615,Solosis,ground,0,0,0,0,0,0,0,1,0,0,2,0,2,0,2,0,0
616,Solrock,rock,0,0,0,0,0,0,2,1,0,1,3,0,2,0,4,0,0
617,Spearow,flying,0,0,0,0,0,0,0,2,0,0,0,1,2,0,0,1,0
618,Spewpa,poison,0,0,0,0,0,0,0,0,0,0,0,0,1,0,0,0,0
619,Spheal,ice,0,0,0,0,0,0,0,0,1,0,0,3,2,0,3,0,3
620,Spinarak,poison,1,0,0,0,0,0,0,0,0,0,0,1,10,0,0,0,0
621,Spinda,rock,0,0,0,0,0,0,1,0,0,0,0,2,2,0,3,0,1
622,Spiritomb,poison,0,1,0,0,0,0,0,0,1,0,1,1,2,0,1,0,1
623,Spoink,poison,0,0,0,0,0,1,0,0,0,1,1,1,2,0,0,0,0
624,Spritzee,ice,0,0,1,0,2,1,0,0,0,0,1,3,2,0,0,0,0
625,Squirtle,water,0,0,1,0,0,1,1,0,1,1,0,2,2,0,2,0,4
626,Stantler,poison,0,0,0,0,0,0,0,1,0,0,1,1,2,0,0,0,0
627,Staraptor,flying,0,0,0,0,0,1,0,2,1,0,0,1,2,0,0,1,0
628,Staravia,flying,0,0,0,0,0,1,0,2,1,0,0,1,2,0,0,1,0
629,Starly,flying,0,0,0,0,0,1,0,2,1,0,0,1,2,0,0,1,0
630,Starmie,ground,0,0,0,0,0,0,0,1,0,1,2,1,2,0,0,0,2
631,Staryu,poison,0,0,0,0,0,0,0,1,0,0,1,1,2,0,0,0,2
632,Steelix,rock,0,1,3,0,0,0,1,0,1,1,2,2,2,0,7,0,0
633,Steelix-Mega,rock,0,1,3,0,0,0,1,0,1,1,2,2,2,0,7,0,0
634,Stoutland,ice,0,0,0,0,0,1,1,0,0,0,0,2,2,0,2,0,0
635,Stunfisk,poison,0,0,0,0,0,0,0,0,1,0,1,0,4,0,2,0,2
636,Stunky,poison,0,1,0,0,0,0,1,0,0,0,0,1,6,0,1,0,0
637,Sudowoodo,rock,0,0,0,0,0,0,1,0,1,0,1,2,2,0,5,0,0
638,Suicune,ice,0,0,0,0,0,0,0,0,0,0,0,2,2,0,2,0,1
639,Sunflora,grass,0,0,0,0,0,0,0,0,1,4,1,0,3,0,0,0,0
640,Sunkern,grass,0,0,0,0,0,0,0,0,1,3,1,0,3,0,0,0,0
641,Surskit,poison,1,0,0,0,0,1,0,0,1,0,0,1,2,0,0,0,2
642,Swablu,ice,0,0,2,0,1,0,0,2,0,0,0,4,2,0,0,1,0
643,Swadloon,bug,2,0,0,0,0,0,0,0,0,2,0,0,2,0,0,0,0
644,Swalot,poison,0,0,0,0,0,0,1,0,1,0,0,2,10,0,1,0,1
645,Swampert,rock,0,0,0,0,0,1,1,0,2,1,0,4,4,0,5,0,3
646,Swanna,water,0,0,0,0,0,0,0,2,0,0,0,1,2,0,0,1,3
647,Swellow,flying,0,0,0,0,0,0,0,2,0,0,0,1,2,0,0,1,0
648,Swinub,rock,0,0,0,0,0,1,0,0,1,0,0,2,2,0,3,0,1
649,Swirlix,poison,0,0,0,0,1,0,0,0,0,0,0,1,2,0,0,0,0
650,Swoobat,poison,0,0,0,0,0,1,0,2,0,0,1,1,3,0,0,1,0
651,Sylveon,ice,0,0,1,0,2,0,0,0,1,0,1,3,2,0,0,0,0
652,Taillow,flying,0,0,0,0,0,0,0,2,0,0,0,1,2,0,0,1,0
653,Talonflame,flying,0,0,0,0,0,0,1,2,0,0,0,0,2,0,0,1,0
654,Tangela,poison,0,0,0,0,0,0,0,0,0,2,1,0,4,0,1,0,0
655,Tangrowth,poison,0,0,0,0,0,0,0,0,0,2,1,0,6,0,3,0,0
656,Tauros,rock,0,0,0,0,0,0,1,0,0,0,0,1,2,0,4,0,1
657,Teddiursa,ice,0,0,0,0,0,0,1,0,0,0,0,4,3,0,3,0,0
658,Tentacool,poison,0,0,0,0,0,0,0,0,0,0,0,1,9,0,0,0,1
659,Tentacruel,poison,0,0,0,0,0,0,0,0,0,0,0,1,9,0,0,0,1
660,Tepig,poison,0,0,0,0,0,1,2,0,1,2,0,1,3,0,2,0,1
661,Terrakion,poison,0,0,0,0,0,0,0,0,0,0,1,1,4,0,4,0,0
662,Throh,poison,0,0,0,0,0,0,1,0,0,1,0,1,4,0,3,0,0
663,Thundurus,poison,0,1,0,1,0,0,0,0,0,1,1,1,4,0,1,0,0
664,Thundurus-Therian,poison,0,1,0,1,0,0,0,0,0,1,1,1,4,0,1,0,0
665,Timburr,poison,0,0,0,0,0,1,1,0,1,1,1,1,4,0,4,0,0
666,Tirtouga,rock,0,0,0,0,0,0,0,0,1,0,1,1,2,0,5,0,2
667,Togekiss,flying,0,0,0,0,1,1,1,2,1,1,1,2,2,0,1,1,1
668,Togepi,ice,0,0,0,0,0,1,1,0,1,1,1,2,2,0,1,0,1
669,Togetic,flying,0,0,0,0,1,1,1,2,1,1,1,2,2,0,1,1,1
670,Torchic,fire,0,0,0,0,0,0,3,0,1,1,0,1,2,0,3,0,1
671,Torkoal,poison,0,0,0,0,0,0,2,0,1,0,0,0,4,0,3,0,0
672,Tornadus,poison,0,1,0,0,0,0,0,0,0,1,1,1,4,0,1,0,0
673,Tornadus-Therian,poison,0,1,0,0,0,0,0,0,0,1,1,1,4,0,1,0,0
674,Torterra,rock,0,0,0,0,0,0,0,0,1,4,1,0,2,0,5,0,1
675,Totodile,water,0,0,2,0,0,0,1,0,0,1,0,3,2,0,2,0,4
676,Toxicroak,poison,0,1,0,0,0,0,0,0,0,0,0,3,10,0,4,0,0
677,Tranquill,flying,0,0,0,0,0,0,0,2,0,0,0,1,2,0,0,1,0
678,Trapinch,rock,1,0,0,0,0,0,0,0,0,0,0,0,2,0,3,0,0
679,Treecko,grass,0,0,1,0,0,0,0,0,0,5,1,1,2,0,3,0,1
680,Trevenant,poison,0,1,0,0,0,0,0,0,1,2,0,0,5,0,2,0,0
681,Tropius,dragon,0,0,2,0,0,0,0,2,1,1,0,0,2,0,1,1,0
682,Trubbish,poison,0,1,0,0,0,0,0,0,1,0,0,0,8,0,1,0,0
683,Turtwig,grass,0,0,0,0,0,0,0,0,1,4,1,0,2,0,2,0,1
684,Tympole,poison,0,0,0,0,0,0,0,0,0,0,0,2,4,0,0,0,1
685,Tynamo,ground,0,0,0,0,0,0,0,0,0,0,1,0,0,0,0,0,0
686,Typhlosion,rock,0,0,0,0,0,1,3,0,1,1,0,1,2,0,4,0,1
687,Tyranitar,rock,0,1,4,0,0,0,3,0,1,0,1,4,2,0,5,0,1
688,Tyrantrum,dragon,0,1,4,0,0,0,1,0,1,0,0,2,4,0,4,0,0
689,Tyrogue,poison,0,0,0,0,0,1,0,0,1,0,0,0,2,0,2,0,0
690,Tyrunt,dragon,0,1,4,0,0,0,1,0,1,0,0,2,4,0,4,0,0
691,Umbreon,ice,0,1,0,0,0,0,0,0,1,0,0,3,2,0,0,0,0
692,Unfezant,flying,0,0,0,0,0,0,0,2,0,0,0,1,2,0,0,1,0
693,Unown,bug,0,0,0,0,0,0,0,0,0,0,0,0,0,0,0,0,0
694,Ursaring,ice,0,0,0,0,0,0,1,0,0,0,1,4,3,0,4,0,0
695,Uxie,poison,0,0,0,0,0,0,1,0,0,1,1,1,2,0,0,0,1
696,Vanillish,ice,0,0,0,0,0,0,0,0,0,0,1,2,2,0,0,0,1
697,Vanillite,ice,0,0,0,0,0,0,0,0,0,0,1,2,2,0,0,0,1
698,Vanilluxe,ice,0,0,0,0,0,0,0,0,0,0,1,2,2,0,0,0,2
699,Vaporeon,ice,0,0,0,0,0,0,0,0,1,0,0,3,2,0,1,0,2
700,Venipede,poison,1,0,0,0,0,0,0,0,0,0,0,1,11,0,2,0,0
701,Venomoth,poison,2,0,0,0,0,1,0,2,1,0,0,0,7,0,0,0,0
702,Venonat,poison,1,0,0,0,0,1,0,0,1,0,0,0,7,0,0,0,0
703,Venusaur,poison,0,0,0,0,0,0,0,0,1,5,1,1,6,0,2,0,1
704,Vespiquen,poison,2,0,0,0,0,0,0,2,0,0,0,0,6,0,0,0,0
705,Vibrava,rock,1,0,2,0,0,0,0,2,0,0,0,0,2,0,3,1,0
706,Victini,fire,0,0,0,0,0,0,2,0,0,1,1,0,2,0,1,0,0
707,Victreebel,poison,1,0,0,0,0,0,0,0,0,1,0,0,5,0,0,0,0
708,Vigoroth,rock,0,0,0,0,0,0,2,0,1,0,0,2,3,0,4,0,1
709,Vileplume,poison,0,0,0,0,0,0,0,0,0,2,1,0,5,0,0,0,0
710,Virizion,poison,0,0,0,0,0,0,0,0,0,1,0,1,2,0,1,0,0
711,Vivillon,poison,2,0,0,0,0,0,1,2,0,0,0,0,3,0,0,0,0
712,Volbeat,bug,2,0,0,0,0,0,0,2,0,0,0,1,2,0,0,0,1
713,Volcanion,poison,0,0,0,0,0,0,1,0,0,0,1,0,4,0,2,0,1
714,Volcarona,poison,2,0,0,0,0,1,2,2,1,0,1,0,4,0,0,0,0
715,Voltorb,poison,0,0,0,1,0,0,0,0,0,0,1,1,2,0,0,0,0
716,Vullaby,flying,0,1,0,0,0,0,0,2,0,0,0,1,2,0,2,1,0
717,Vulpix,fire,0,1,0,0,0,0,2,0,0,0,0,0,2,0,0,0,0
718,Wailmer,water,0,0,0,0,0,0,0,0,1,0,0,3,2,0,2,0,4
719,Wailord,water,0,0,0,0,0,0,0,0,1,0,0,3,2,0,2,0,4
720,Walrein,ice,0,0,0,0,0,0,0,0,1,0,0,4,2,0,3,0,3
721,Wartortle,water,0,0,1,0,0,1,1,0,1,1,0,2,2,0,2,0,4
722,Watchog,poison,0,0,0,0,0,1,1,0,1,2,0,1,3,0,1,0,0
723,Weavile,ice,0,1,0,0,0,1,0,0,1,0,0,5,4,0,1,0,0
724,Weedle,poison,0,0,0,0,0,0,0,0,0,0,0,0,2,0,0,0,0
725,Weepinbell,poison,1,0,0,0,0,0,0,0,0,1,0,0,5,0,0,0,0
726,Weezing,poison,0,1,0,0,0,0,1,0,1,0,0,2,8,0,0,0,0
727,Whimsicott,poison,0,0,0,0,1,0,0,0,0,2,0,0,3,0,0,0,0
728,Whirlipede,poison,1,0,0,0,0,0,0,0,0,0,0,1,12,0,2,0,0
729,Whiscash,rock,0,0,1,0,0,0,0,0,0,0,0,1,2,0,3,0,3
730,Whismur,ice,0,0,0,0,1,0,2,0,0,0,0,5,2,0,0,0,1
731,Wigglytuff,ice,0,0,1,0,1,0,2,1,0,1,2,6,2,0,0,0,1
732,Wingull,water,0,0,0,0,0,0,0,2,0,0,0,2,2,0,0,1,4
733,Wobbuffet,bug,0,0,0,0,0,0,0,0,0,0,0,0,0,0,0,0,0
734,Woobat,poison,0,0,0,0,0,1,0,2,0,0,1,1,3,0,0,1,0
735,Wooper,poison,0,0,0,0,0,0,0,0,1,0,0,3,4,0,1,0,2
736,Wormadam,poison,1,0,0,0,0,0,0,0,0,1,0,0,3,0,0,0,0
737,Wormadam-Sandy,poison,1,0,0,0,0,0,0,0,0,0,0,0,3,0,2,0,0
738,Wormadam-Trash,poison,1,0,0,0,0,0,0,0,0,0,1,0,4,0,0,0,0
739,Wurmple,poison,0,0,0,0,0,0,0,0,0,0,0,0,2,0,0,0,0
740,Wynaut,bug,0,0,0,0,0,0,0,0,0,0,0,0,0,0,0,0,0
741,Xatu,flying,0,1,0,0,0,0,0,2,0,1,1,0,2,1,0,1,0
742,Yamask,poison,0,1,0,0,0,0,0,0,1,0,1,0,2,0,0,0,0
743,Yanma,bug,2,0,0,0,0,1,0,2,1,0,0,0,2,0,0,1,0
744,Yanmega,bug,2,0,0,0,0,1,0,2,1,0,0,0,2,0,0,1,0
745,Yveltal,dragon,0,1,2,0,0,0,0,2,0,0,0,2,2,0,1,1,0
746,Zangoose,ice,0,0,0,0,0,0,2,0,1,0,0,4,4,0,4,0,1
747,Zapdos,flying,0,0,0,1,0,0,0,2,0,0,0,0,2,0,1,1,0
748,Zebstrika,electric,0,0,0,2,0,0,0,0,0,0,1,1,2,0,1,0,0
749,Zekrom,dragon,0,0,5,0,0,0,0,2,0,0,1,2,2,0,3,1,0
750,Zigzagoon,ice,0,0,0,0,0,1,0,0,0,1,0,3,3,0,2,0,1
751,Zoroark,poison,0,1,0,0,0,0,0,0,0,1,0,2,3,0,1,0,0
752,Zorua,ice,0,1,0,0,0,0,0,0,0,1,0,2,2,0,0,0,0
753,Zubat,poison,0,0,0,0,0,0,0,2,1,0,0,1,7,0,0,1,0
754,Zweilous,dragon,0,1,5,0,0,0,1,0,0,0,0,4,2,0,1,0,0
755,Zygarde,dragon,0,0,4,0,0,0,0,0,0,1,0,1,3,0,2,0,0
